id,age,education,sex
0,64,2.0,F
1,36,4.0,M
2,46,1.0,F
3,50,1.0,M
4,64,1.0,F
5,61,3.0,F
6,61,1.0,M
7,36,4.0,M
8,41,2.0,F
9,55,2.0,F
10,61,1.0,F
11,53,2.0,F
12,43,2.0,F
13,44,1.0,M
14,58,3.0,F
15,51,1.0,M
16,50,1.0,F
17,44,3.0,F
18,56,3.0,F
19,42,1.0,M
20,42,1.0,F
21,38,2.0,F
22,38,1.0,F
23,63,1.0,F
24,35,2.0,F
25,44,1.0,M
26,36,3.0,M
27,54,2.0,M
28,41,2.0,M
29,63,1.0,F
30,51,2.0,M
31,55,3.0,M
32,51,3.0,F
33,38,2.0,M
34,62,1.0,M
35,47,2.0,F
36,46,3.0,F
37,63,2.0,F
38,41,2.0,F
39,43,3.0,M
40,34,3.0,F
41,51,4.0,M
42,39,1.0,M
43,46,1.0,F
44,51,1.0,F
45,64,3.0,F
46,55,2.0,F
47,59,3.0,F
48,55,1.0,F
49,46,,F
50,62,3.0,M
51,56,3.0,M
52,45,2.0,F
53,44,1.0,M
54,63,1.0,M
55,51,2.0,F
56,49,1.0,F
57,55,1.0,F
58,46,3.0,F
59,60,3.0,F
60,38,2.0,F
61,40,2.0,M
62,52,,F
63,48,1.0,F
64,62,2.0,M
65,37,4.0,F
66,60,2.0,M
67,60,1.0,M
68,61,2.0,F
69,65,,M
70,50,3.0,M
71,63,1.0,M
72,42,1.0,F
73,58,4.0,F
74,36,3.0,M
75,62,4.0,F
76,37,4.0,M
77,63,1.0,F
78,52,1.0,M
79,57,1.0,M
80,40,4.0,M
81,41,4.0,M
82,48,2.0,M
83,51,1.0,F
84,41,2.0,F
85,46,2.0,M
86,52,2.0,M
87,64,1.0,M
88,41,2.0,M
89,61,1.0,M
90,51,1.0,M
91,51,3.0,F
92,36,1.0,F
93,40,3.0,M
94,52,4.0,F
95,40,3.0,F
96,49,1.0,F
97,42,3.0,M
98,41,4.0,M
99,58,1.0,M
100,47,1.0,F
101,42,2.0,M
102,68,2.0,F
103,48,2.0,M
104,57,,F
105,60,1.0,F
106,46,3.0,F
107,45,4.0,M
108,49,1.0,M
109,42,1.0,F
110,42,2.0,F
111,45,2.0,F
112,57,1.0,F
113,41,1.0,M
114,40,4.0,F
115,52,2.0,F
116,39,3.0,F
117,45,2.0,M
118,48,2.0,M
119,64,1.0,F
120,65,,F
121,64,4.0,M
122,61,2.0,F
123,36,3.0,F
124,45,1.0,F
125,60,1.0,F
126,45,1.0,M
127,57,2.0,M
128,67,2.0,F
129,62,2.0,M
130,63,1.0,M
131,47,2.0,M
132,48,1.0,F
133,61,,M
134,64,1.0,F
135,63,1.0,F
136,38,3.0,F
137,39,1.0,M
138,53,3.0,F
139,50,2.0,F
140,45,1.0,F
141,57,1.0,M
142,67,2.0,F
143,55,1.0,F
144,46,1.0,F
145,40,1.0,M
146,42,3.0,F
147,61,1.0,M
148,55,1.0,M
149,41,1.0,M
150,43,1.0,F
151,52,3.0,M
152,38,1.0,F
153,38,3.0,F
154,49,1.0,M
155,41,2.0,M
156,39,2.0,F
157,57,3.0,M
158,48,2.0,M
159,60,3.0,F
160,65,1.0,M
161,61,1.0,F
162,48,2.0,F
163,67,1.0,F
164,41,2.0,M
165,48,1.0,F
166,53,1.0,F
167,43,2.0,M
168,61,4.0,F
169,41,2.0,F
170,41,3.0,F
171,65,1.0,F
172,38,2.0,M
173,58,1.0,F
174,60,1.0,F
175,46,2.0,F
176,54,1.0,F
177,55,3.0,M
178,51,1.0,M
179,51,1.0,M
180,39,3.0,F
181,47,3.0,F
182,49,1.0,F
183,42,2.0,F
184,38,3.0,F
185,45,4.0,M
186,43,4.0,M
187,51,,M
188,41,1.0,F
189,51,2.0,F
190,46,1.0,F
191,49,3.0,M
192,46,1.0,M
193,33,3.0,F
194,56,1.0,F
195,38,2.0,M
196,41,3.0,F
197,34,,F
198,45,4.0,F
199,51,1.0,F
200,41,1.0,M
201,43,2.0,F
202,42,1.0,M
203,55,1.0,F
204,59,4.0,F
205,53,3.0,F
206,51,3.0,F
207,57,1.0,F
208,64,1.0,M
209,55,2.0,F
210,58,3.0,F
211,43,3.0,F
212,63,1.0,M
213,45,3.0,F
214,49,2.0,F
215,45,3.0,M
216,39,1.0,F
217,40,4.0,M
218,41,1.0,M
219,62,1.0,M
220,47,2.0,M
221,51,2.0,F
222,51,1.0,F
223,52,2.0,F
224,60,1.0,F
225,48,2.0,M
226,52,1.0,F
227,62,4.0,M
228,54,1.0,M
229,40,3.0,F
230,52,2.0,M
231,45,1.0,M
232,41,3.0,F
233,65,1.0,F
234,65,4.0,F
235,40,1.0,F
236,57,2.0,F
237,39,1.0,M
238,53,1.0,F
239,45,3.0,M
240,46,2.0,F
241,41,1.0,M
242,46,3.0,F
243,38,2.0,M
244,51,1.0,M
245,62,1.0,F
246,63,1.0,F
247,36,3.0,F
248,51,4.0,M
249,57,1.0,F
250,41,2.0,M
251,35,2.0,F
252,55,3.0,F
253,55,1.0,M
254,52,1.0,F
255,48,3.0,F
256,34,1.0,F
257,38,2.0,M
258,46,2.0,F
259,61,1.0,F
260,39,3.0,F
261,55,1.0,M
262,44,1.0,M
263,48,1.0,M
264,63,1.0,F
265,41,1.0,F
266,46,1.0,F
267,36,2.0,M
268,42,2.0,M
269,60,1.0,M
270,61,1.0,F
271,47,2.0,F
272,52,3.0,F
273,57,1.0,F
274,52,1.0,F
275,51,1.0,F
276,46,2.0,F
277,42,2.0,M
278,46,1.0,F
279,38,1.0,F
280,46,2.0,M
281,43,2.0,M
282,44,2.0,M
283,60,2.0,F
284,36,2.0,F
285,42,4.0,M
286,66,1.0,F
287,59,1.0,F
288,56,4.0,M
289,36,1.0,F
290,37,2.0,F
291,39,4.0,M
292,64,1.0,F
293,61,3.0,F
294,64,4.0,F
295,48,2.0,M
296,38,1.0,M
297,46,1.0,F
298,52,1.0,M
299,39,2.0,M
300,53,3.0,M
301,54,2.0,F
302,51,3.0,M
303,63,1.0,F
304,47,3.0,F
305,47,2.0,M
306,57,1.0,M
307,35,2.0,F
308,48,2.0,F
309,44,2.0,F
310,50,2.0,F
311,41,2.0,M
312,46,2.0,F
313,41,3.0,F
314,40,2.0,F
315,51,1.0,F
316,44,4.0,F
317,50,2.0,M
318,40,1.0,M
319,39,2.0,M
320,39,4.0,M
321,44,3.0,M
322,56,1.0,F
323,45,4.0,M
324,59,2.0,F
325,50,2.0,F
326,54,1.0,F
327,58,2.0,F
328,41,1.0,F
329,52,1.0,F
330,41,2.0,M
331,53,4.0,F
332,44,1.0,F
333,44,1.0,F
334,40,1.0,M
335,56,1.0,F
336,48,4.0,M
337,53,3.0,F
338,43,1.0,F
339,43,4.0,F
340,43,2.0,M
341,53,1.0,F
342,47,2.0,F
343,34,1.0,M
344,62,1.0,M
345,54,2.0,M
346,58,1.0,M
347,44,1.0,M
348,52,2.0,F
349,52,4.0,F
350,41,2.0,M
351,39,2.0,M
352,52,2.0,M
353,56,,F
354,48,2.0,F
355,47,2.0,F
356,48,4.0,F
357,54,2.0,F
358,48,3.0,F
359,53,2.0,F
360,64,1.0,M
361,60,1.0,M
362,64,1.0,M
363,45,2.0,F
364,37,2.0,M
365,45,2.0,F
366,62,4.0,M
367,42,3.0,F
368,42,3.0,F
369,51,1.0,F
370,46,3.0,F
371,51,1.0,M
372,47,3.0,F
373,48,2.0,M
374,48,4.0,M
375,55,1.0,F
376,64,1.0,M
377,47,1.0,M
378,63,1.0,M
379,54,2.0,M
380,53,3.0,M
381,63,1.0,F
382,63,1.0,F
383,63,2.0,F
384,36,4.0,M
385,52,1.0,F
386,49,2.0,F
387,62,2.0,M
388,38,2.0,M
389,44,1.0,F
390,52,1.0,F
391,44,1.0,F
392,44,1.0,M
393,56,1.0,F
394,44,2.0,F
395,37,4.0,F
396,63,1.0,F
397,42,1.0,F
398,46,1.0,M
399,40,1.0,M
400,58,2.0,F
401,50,4.0,M
402,46,1.0,F
403,63,3.0,F
404,52,4.0,M
405,43,4.0,M
406,40,2.0,F
407,46,1.0,F
408,47,4.0,M
409,44,2.0,M
410,45,1.0,F
411,49,3.0,F
412,43,3.0,F
413,64,1.0,M
414,45,1.0,F
415,35,3.0,F
416,44,2.0,M
417,65,3.0,F
418,49,3.0,F
419,58,2.0,F
420,40,2.0,F
421,50,1.0,F
422,55,1.0,F
423,52,2.0,F
424,48,2.0,F
425,43,4.0,M
426,38,2.0,F
427,65,4.0,M
428,48,1.0,M
429,42,1.0,M
430,45,1.0,M
431,41,2.0,M
432,42,4.0,F
433,44,2.0,M
434,39,2.0,F
435,39,2.0,M
436,46,3.0,F
437,41,4.0,F
438,42,1.0,M
439,49,2.0,M
440,33,2.0,M
441,35,2.0,M
442,57,4.0,M
443,66,1.0,F
444,46,2.0,F
445,39,2.0,F
446,50,1.0,F
447,52,1.0,M
448,61,1.0,M
449,49,1.0,F
450,44,1.0,M
451,49,2.0,M
452,48,3.0,F
453,58,1.0,M
454,45,2.0,M
455,64,4.0,M
456,42,2.0,M
457,37,1.0,F
458,51,1.0,F
459,61,1.0,M
460,53,2.0,M
461,39,2.0,F
462,47,1.0,F
463,56,1.0,F
464,64,3.0,M
465,47,2.0,F
466,45,3.0,M
467,65,4.0,M
468,56,3.0,M
469,42,1.0,M
470,48,3.0,M
471,38,3.0,F
472,45,4.0,F
473,39,4.0,F
474,42,2.0,F
475,52,3.0,M
476,50,1.0,F
477,50,1.0,M
478,58,2.0,F
479,53,1.0,F
480,37,4.0,M
481,55,3.0,F
482,49,2.0,M
483,49,2.0,M
484,56,3.0,F
485,42,2.0,F
486,47,4.0,F
487,42,2.0,M
488,49,1.0,M
489,42,2.0,F
490,49,1.0,F
491,61,1.0,F
492,51,3.0,F
493,63,2.0,M
494,42,2.0,F
495,57,2.0,F
496,50,2.0,M
497,40,1.0,F
498,37,4.0,F
499,43,4.0,F
500,42,4.0,M
501,41,4.0,F
502,39,1.0,F
503,41,1.0,M
504,34,4.0,M
505,64,1.0,F
506,60,3.0,F
507,40,1.0,F
508,56,1.0,M
509,66,2.0,M
510,47,2.0,F
511,37,4.0,M
512,51,,M
513,46,3.0,F
514,67,2.0,F
515,49,1.0,M
516,40,,F
517,64,2.0,F
518,33,2.0,F
519,38,1.0,M
520,41,1.0,F
521,54,4.0,M
522,46,1.0,F
523,50,1.0,M
524,41,2.0,F
525,39,2.0,M
526,35,2.0,M
527,65,2.0,F
528,40,2.0,M
529,66,1.0,F
530,48,2.0,M
531,55,2.0,M
532,51,4.0,M
533,54,1.0,M
534,54,1.0,F
535,39,2.0,F
536,61,1.0,F
537,41,4.0,F
538,41,1.0,F
539,43,1.0,M
540,38,,F
541,52,3.0,F
542,49,2.0,F
543,46,1.0,M
544,39,3.0,M
545,66,2.0,F
546,48,3.0,F
547,42,2.0,M
548,43,2.0,M
549,51,3.0,F
550,41,,M
551,57,2.0,F
552,63,1.0,F
553,59,1.0,F
554,38,3.0,F
555,48,1.0,F
556,57,1.0,F
557,37,3.0,F
558,54,2.0,F
559,49,1.0,F
560,55,2.0,M
561,45,2.0,F
562,45,4.0,F
563,44,1.0,M
564,41,2.0,F
565,55,3.0,F
566,50,4.0,M
567,49,2.0,F
568,39,1.0,M
569,51,4.0,M
570,56,1.0,M
571,44,4.0,M
572,51,4.0,M
573,56,3.0,M
574,44,1.0,F
575,47,3.0,M
576,47,2.0,M
577,45,4.0,M
578,52,1.0,M
579,40,2.0,F
580,52,2.0,F
581,38,2.0,M
582,44,1.0,M
583,60,1.0,M
584,52,2.0,F
585,44,1.0,M
586,62,2.0,F
587,37,1.0,F
588,43,2.0,M
589,54,2.0,F
590,67,1.0,F
591,63,4.0,F
592,40,2.0,M
593,48,1.0,F
594,49,1.0,M
595,62,3.0,F
596,58,1.0,F
597,39,1.0,M
598,63,3.0,M
599,40,1.0,F
600,50,1.0,M
601,45,4.0,M
602,50,2.0,M
603,45,1.0,M
604,46,1.0,F
605,42,2.0,F
606,59,1.0,F
607,65,2.0,F
608,65,1.0,F
609,42,3.0,F
610,42,2.0,F
611,47,2.0,M
612,49,4.0,F
613,54,1.0,F
614,45,1.0,F
615,48,1.0,M
616,53,1.0,M
617,38,2.0,M
618,36,3.0,M
619,58,4.0,M
620,46,4.0,F
621,50,4.0,F
622,44,2.0,F
623,39,2.0,M
624,45,1.0,F
625,62,2.0,F
626,61,1.0,F
627,42,3.0,F
628,61,1.0,F
629,56,4.0,F
630,49,1.0,F
631,36,2.0,M
632,52,1.0,M
633,65,1.0,F
634,46,1.0,F
635,45,4.0,M
636,51,1.0,M
637,58,2.0,M
638,41,2.0,M
639,48,,F
640,56,2.0,M
641,43,2.0,M
642,37,2.0,F
643,49,1.0,F
644,47,3.0,F
645,55,1.0,M
646,38,3.0,M
647,51,,F
648,58,1.0,M
649,61,1.0,M
650,54,1.0,M
651,41,4.0,M
652,57,1.0,M
653,42,1.0,F
654,38,2.0,F
655,47,3.0,F
656,37,3.0,F
657,37,2.0,M
658,48,1.0,F
659,63,1.0,F
660,44,,M
661,57,4.0,F
662,40,4.0,F
663,61,4.0,M
664,45,2.0,F
665,34,2.0,F
666,44,1.0,F
667,37,1.0,F
668,48,2.0,M
669,49,1.0,F
670,45,1.0,M
671,47,3.0,M
672,39,4.0,F
673,42,4.0,M
674,53,1.0,M
675,49,2.0,M
676,42,1.0,F
677,57,2.0,F
678,54,1.0,F
679,58,1.0,F
680,60,3.0,M
681,59,1.0,F
682,41,4.0,M
683,60,3.0,F
684,56,2.0,M
685,36,4.0,M
686,55,2.0,F
687,67,2.0,F
688,63,1.0,M
689,54,2.0,F
690,60,1.0,M
691,53,2.0,F
692,55,,F
693,59,3.0,F
694,42,2.0,F
695,50,1.0,F
696,40,1.0,F
697,39,2.0,F
698,42,1.0,M
699,44,1.0,M
700,44,2.0,F
701,64,1.0,F
702,39,2.0,F
703,39,4.0,F
704,53,3.0,F
705,53,2.0,F
706,54,1.0,F
707,52,1.0,M
708,60,4.0,M
709,48,,M
710,58,1.0,F
711,36,2.0,M
712,40,2.0,M
713,36,1.0,M
714,49,2.0,M
715,51,1.0,M
716,60,2.0,M
717,39,1.0,F
718,50,3.0,F
719,41,2.0,M
720,61,1.0,F
721,41,2.0,M
722,41,2.0,M
723,51,1.0,F
724,40,2.0,M
725,39,2.0,F
726,41,1.0,F
727,45,3.0,F
728,40,2.0,F
729,58,1.0,M
730,61,1.0,M
731,46,2.0,F
732,61,1.0,F
733,42,3.0,F
734,52,3.0,F
735,44,3.0,M
736,37,1.0,F
737,37,1.0,F
738,63,1.0,F
739,44,2.0,F
740,54,2.0,F
741,53,2.0,M
742,48,1.0,F
743,60,1.0,M
744,56,1.0,M
745,41,1.0,M
746,42,1.0,M
747,36,2.0,F
748,34,2.0,F
749,61,3.0,F
750,46,2.0,M
751,50,2.0,M
752,49,4.0,M
753,51,3.0,F
754,46,2.0,F
755,53,3.0,F
756,49,2.0,F
757,55,1.0,M
758,61,1.0,M
759,53,1.0,F
760,55,,F
761,53,,F
762,47,2.0,M
763,38,2.0,F
764,54,3.0,M
765,39,2.0,F
766,41,1.0,F
767,54,1.0,M
768,51,1.0,M
769,55,1.0,F
770,57,1.0,F
771,44,2.0,M
772,52,1.0,M
773,58,1.0,M
774,37,1.0,F
775,66,2.0,M
776,47,,M
777,57,3.0,F
778,45,2.0,F
779,47,1.0,M
780,39,,F
781,56,1.0,F
782,42,1.0,M
783,68,1.0,M
784,47,1.0,F
785,45,4.0,F
786,58,1.0,M
787,45,2.0,F
788,38,2.0,M
789,57,1.0,M
790,56,3.0,M
791,49,3.0,M
792,42,1.0,M
793,54,1.0,F
794,59,1.0,F
795,65,1.0,M
796,43,2.0,F
797,58,1.0,M
798,47,3.0,M
799,54,3.0,M
800,43,2.0,F
801,56,,M
802,54,1.0,F
803,63,4.0,M
804,59,1.0,F
805,52,1.0,M
806,37,2.0,F
807,51,1.0,M
808,47,2.0,F
809,57,1.0,F
810,39,3.0,F
811,39,3.0,F
812,52,1.0,M
813,40,3.0,F
814,55,1.0,F
815,61,2.0,F
816,53,2.0,F
817,48,3.0,M
818,60,1.0,M
819,53,3.0,F
820,43,1.0,M
821,44,3.0,F
822,62,4.0,M
823,59,3.0,M
824,52,1.0,F
825,62,1.0,M
826,56,2.0,F
827,51,3.0,F
828,61,4.0,M
829,62,2.0,F
830,55,4.0,F
831,61,1.0,M
832,62,1.0,F
833,53,4.0,M
834,45,4.0,M
835,50,1.0,F
836,47,3.0,F
837,40,3.0,F
838,46,1.0,M
839,47,3.0,F
840,51,2.0,F
841,41,2.0,M
842,59,1.0,F
843,52,3.0,F
844,46,2.0,F
845,50,1.0,F
846,57,1.0,M
847,44,1.0,M
848,55,4.0,F
849,42,2.0,F
850,44,2.0,F
851,67,1.0,F
852,54,2.0,F
853,41,2.0,M
854,46,3.0,F
855,44,4.0,F
856,62,1.0,F
857,51,2.0,F
858,46,2.0,F
859,38,2.0,M
860,43,3.0,F
861,46,1.0,F
862,59,1.0,F
863,53,3.0,F
864,40,2.0,F
865,62,1.0,F
866,64,,M
867,42,2.0,F
868,61,1.0,F
869,58,2.0,M
870,58,1.0,M
871,51,2.0,F
872,44,3.0,M
873,45,2.0,F
874,46,3.0,F
875,63,1.0,M
876,64,1.0,F
877,41,1.0,F
878,65,4.0,M
879,59,1.0,F
880,54,1.0,M
881,59,4.0,F
882,38,4.0,F
883,56,3.0,F
884,68,1.0,M
885,36,4.0,M
886,37,4.0,M
887,51,4.0,F
888,46,1.0,M
889,36,4.0,M
890,56,1.0,F
891,38,2.0,M
892,37,2.0,M
893,35,2.0,F
894,53,1.0,M
895,42,3.0,F
896,43,3.0,F
897,45,,F
898,60,1.0,M
899,52,2.0,M
900,57,1.0,F
901,53,2.0,F
902,40,1.0,F
903,45,1.0,M
904,53,3.0,F
905,45,3.0,M
906,49,1.0,M
907,51,1.0,F
908,36,2.0,M
909,59,2.0,F
910,62,1.0,M
911,44,1.0,M
912,60,1.0,F
913,40,2.0,M
914,57,4.0,M
915,37,4.0,M
916,52,3.0,M
917,59,1.0,M
918,48,1.0,M
919,38,4.0,M
920,46,4.0,M
921,46,3.0,F
922,59,1.0,F
923,52,1.0,F
924,63,1.0,F
925,60,1.0,M
926,42,2.0,F
927,63,3.0,F
928,55,1.0,F
929,41,2.0,M
930,59,2.0,M
931,41,3.0,M
932,51,1.0,F
933,39,3.0,M
934,43,2.0,M
935,44,1.0,M
936,40,2.0,M
937,44,4.0,F
938,52,,M
939,59,4.0,M
940,58,2.0,M
941,46,3.0,M
942,46,2.0,F
943,51,3.0,F
944,59,1.0,F
945,50,2.0,F
946,59,2.0,F
947,55,1.0,F
948,37,2.0,M
949,52,4.0,M
950,61,2.0,F
951,52,1.0,F
952,59,2.0,F
953,55,1.0,M
954,59,2.0,M
955,48,1.0,F
956,53,2.0,M
957,41,1.0,M
958,54,2.0,F
959,65,1.0,M
960,59,1.0,M
961,50,2.0,F
962,50,3.0,F
963,46,3.0,F
964,38,3.0,F
965,54,1.0,F
966,42,2.0,F
967,38,2.0,F
968,39,1.0,F
969,36,4.0,M
970,60,1.0,M
971,63,1.0,M
972,47,1.0,F
973,44,3.0,F
974,42,4.0,M
975,41,1.0,F
976,46,3.0,M
977,64,2.0,M
978,54,2.0,F
979,56,1.0,F
980,50,3.0,F
981,47,4.0,M
982,40,1.0,M
983,45,3.0,F
984,57,1.0,M
985,55,3.0,F
986,43,4.0,F
987,56,3.0,F
988,59,1.0,M
989,42,2.0,F
990,54,3.0,F
991,44,2.0,M
992,54,3.0,F
993,43,1.0,M
994,46,4.0,F
995,56,1.0,F
996,39,3.0,F
997,55,2.0,F
998,61,1.0,M
999,39,2.0,M
1000,56,2.0,F
1001,59,1.0,F
1002,50,3.0,F
1003,39,2.0,F
1004,50,1.0,F
1005,62,1.0,M
1006,66,1.0,M
1007,61,,F
1008,38,2.0,F
1009,52,3.0,M
1010,55,4.0,F
1011,39,2.0,F
1012,47,2.0,F
1013,34,2.0,M
1014,41,1.0,M
1015,36,2.0,M
1016,61,3.0,F
1017,43,3.0,M
1018,48,1.0,M
1019,61,1.0,F
1020,49,1.0,F
1021,60,2.0,F
1022,41,2.0,F
1023,50,1.0,M
1024,58,1.0,M
1025,47,1.0,M
1026,51,1.0,F
1027,57,2.0,F
1028,60,1.0,M
1029,59,1.0,F
1030,54,3.0,M
1031,41,2.0,M
1032,67,2.0,F
1033,55,1.0,M
1034,53,1.0,F
1035,62,4.0,M
1036,37,2.0,M
1037,59,3.0,F
1038,58,1.0,F
1039,40,2.0,M
1040,50,4.0,F
1041,44,2.0,M
1042,55,2.0,F
1043,59,2.0,F
1044,62,3.0,M
1045,58,4.0,M
1046,49,4.0,F
1047,48,1.0,M
1048,48,3.0,F
1049,57,1.0,M
1050,44,,F
1051,44,2.0,M
1052,43,4.0,M
1053,58,3.0,F
1054,48,4.0,F
1055,41,3.0,F
1056,36,1.0,F
1057,64,2.0,M
1058,35,2.0,F
1059,39,2.0,M
1060,54,4.0,M
1061,47,1.0,M
1062,40,3.0,F
1063,60,1.0,M
1064,60,3.0,F
1065,43,,F
1066,51,3.0,M
1067,56,2.0,F
1068,58,2.0,F
1069,54,4.0,M
1070,69,1.0,M
1071,39,2.0,F
1072,55,,F
1073,67,3.0,M
1074,56,1.0,F
1075,49,3.0,F
1076,40,3.0,F
1077,60,4.0,M
1078,53,4.0,F
1079,46,1.0,M
1080,47,2.0,F
1081,57,1.0,M
1082,64,2.0,F
1083,42,3.0,M
1084,48,2.0,M
1085,53,1.0,M
1086,41,2.0,M
1087,43,1.0,F
1088,64,3.0,F
1089,45,1.0,F
1090,44,1.0,M
1091,61,1.0,F
1092,40,1.0,F
1093,38,3.0,M
1094,66,3.0,F
1095,61,1.0,M
1096,48,3.0,F
1097,36,4.0,F
1098,69,1.0,M
1099,66,1.0,F
1100,63,2.0,F
1101,54,2.0,M
1102,58,2.0,M
1103,58,1.0,F
1104,44,1.0,F
1105,50,1.0,M
1106,49,1.0,F
1107,48,1.0,M
1108,57,1.0,F
1109,43,3.0,F
1110,44,1.0,M
1111,53,1.0,M
1112,67,1.0,M
1113,53,1.0,M
1114,37,2.0,F
1115,52,2.0,M
1116,42,4.0,M
1117,51,2.0,F
1118,39,1.0,F
1119,58,2.0,F
1120,46,1.0,F
1121,40,2.0,F
1122,44,3.0,F
1123,57,1.0,M
1124,37,3.0,F
1125,38,2.0,F
1126,37,1.0,M
1127,45,2.0,M
1128,41,2.0,F
1129,52,1.0,M
1130,52,1.0,F
1131,48,1.0,F
1132,49,3.0,F
1133,38,3.0,M
1134,57,1.0,M
1135,51,2.0,F
1136,53,4.0,F
1137,63,2.0,M
1138,50,3.0,F
1139,62,1.0,M
1140,41,3.0,F
1141,68,1.0,M
1142,45,2.0,M
1143,34,3.0,F
1144,44,2.0,M
1145,42,4.0,M
1146,47,2.0,M
1147,66,3.0,M
1148,36,3.0,M
1149,46,3.0,M
1150,52,1.0,M
1151,63,,M
1152,54,3.0,F
1153,48,3.0,F
1154,54,4.0,M
1155,47,1.0,M
1156,47,1.0,F
1157,61,1.0,F
1158,38,2.0,M
1159,36,1.0,F
1160,45,3.0,F
1161,37,2.0,M
1162,61,1.0,M
1163,43,2.0,F
1164,48,4.0,F
1165,52,1.0,F
1166,59,1.0,F
1167,58,1.0,F
1168,49,2.0,F
1169,57,1.0,F
1170,42,1.0,M
1171,52,1.0,M
1172,46,2.0,M
1173,35,3.0,F
1174,39,2.0,M
1175,55,3.0,F
1176,54,2.0,F
1177,50,3.0,M
1178,50,2.0,F
1179,63,1.0,M
1180,56,1.0,F
1181,47,4.0,M
1182,41,3.0,M
1183,58,4.0,M
1184,58,2.0,F
1185,61,2.0,F
1186,41,3.0,F
1187,53,3.0,F
1188,52,1.0,F
1189,47,3.0,M
1190,59,4.0,F
1191,54,3.0,F
1192,51,3.0,F
1193,50,1.0,M
1194,45,2.0,M
1195,36,2.0,M
1196,41,4.0,F
1197,55,1.0,M
1198,50,3.0,M
1199,38,1.0,M
1200,55,1.0,F
1201,42,1.0,M
1202,45,4.0,M
1203,41,2.0,F
1204,53,1.0,F
1205,36,1.0,M
1206,38,2.0,M
1207,70,2.0,F
1208,63,1.0,F
1209,45,2.0,F
1210,51,1.0,F
1211,39,1.0,F
1212,46,4.0,F
1213,37,1.0,F
1214,41,3.0,M
1215,43,1.0,F
1216,44,4.0,M
1217,50,2.0,M
1218,63,3.0,M
1219,62,4.0,F
1220,49,2.0,M
1221,50,1.0,F
1222,42,2.0,M
1223,42,3.0,F
1224,52,1.0,F
1225,58,3.0,M
1226,48,2.0,F
1227,43,2.0,M
1228,44,2.0,F
1229,54,2.0,F
1230,57,2.0,F
1231,44,1.0,F
1232,58,2.0,F
1233,44,2.0,M
1234,52,4.0,F
1235,59,1.0,F
1236,36,2.0,F
1237,41,2.0,F
1238,43,4.0,F
1239,67,2.0,F
1240,41,2.0,M
1241,47,2.0,F
1242,53,2.0,F
1243,51,1.0,M
1244,42,1.0,F
1245,44,1.0,M
1246,52,1.0,F
1247,52,3.0,F
1248,65,1.0,F
1249,54,1.0,F
1250,41,2.0,M
1251,56,2.0,F
1252,39,4.0,M
1253,42,2.0,F
1254,68,1.0,M
1255,48,4.0,M
1256,45,3.0,M
1257,62,1.0,F
1258,40,4.0,F
1259,52,4.0,M
1260,55,1.0,F
1261,48,1.0,F
1262,43,4.0,F
1263,60,1.0,F
1264,48,2.0,F
1265,41,1.0,F
1266,48,3.0,M
1267,49,2.0,F
1268,54,2.0,M
1269,49,1.0,F
1270,58,4.0,M
1271,48,1.0,M
1272,38,2.0,F
1273,66,1.0,F
1274,60,1.0,M
1275,55,3.0,F
1276,36,2.0,M
1277,40,3.0,M
1278,61,3.0,M
1279,39,2.0,M
1280,49,4.0,F
1281,54,1.0,F
1282,48,1.0,M
1283,36,1.0,F
1284,58,1.0,F
1285,55,1.0,M
1286,49,1.0,F
1287,42,2.0,F
1288,45,3.0,M
1289,40,3.0,M
1290,58,3.0,M
1291,52,1.0,M
1292,65,2.0,M
1293,53,4.0,M
1294,54,1.0,F
1295,59,4.0,M
1296,64,4.0,F
1297,42,1.0,F
1298,58,1.0,F
1299,62,1.0,M
1300,44,4.0,M
1301,43,1.0,F
1302,55,1.0,F
1303,47,1.0,F
1304,37,3.0,M
1305,42,3.0,F
1306,53,2.0,F
1307,56,3.0,F
1308,40,2.0,F
1309,38,2.0,M
1310,60,3.0,F
1311,44,3.0,F
1312,46,1.0,M
1313,50,1.0,F
1314,49,3.0,F
1315,43,2.0,M
1316,54,2.0,F
1317,53,4.0,F
1318,57,3.0,F
1319,53,1.0,M
1320,41,3.0,M
1321,60,,M
1322,44,2.0,M
1323,64,2.0,M
1324,53,4.0,M
1325,37,1.0,M
1326,60,3.0,F
1327,44,1.0,F
1328,64,3.0,M
1329,44,,M
1330,46,1.0,F
1331,65,1.0,F
1332,51,2.0,M
1333,45,3.0,M
1334,59,,M
1335,63,2.0,F
1336,46,,M
1337,36,1.0,F
1338,67,1.0,F
1339,44,3.0,F
1340,62,1.0,M
1341,42,2.0,F
1342,40,4.0,M
1343,46,3.0,F
1344,39,1.0,F
1345,45,4.0,M
1346,45,3.0,F
1347,48,1.0,F
1348,56,1.0,M
1349,48,1.0,F
1350,46,2.0,F
1351,62,1.0,F
1352,67,1.0,F
1353,37,,F
1354,50,1.0,F
1355,57,1.0,M
1356,50,1.0,M
1357,41,4.0,F
1358,44,2.0,M
1359,41,2.0,M
1360,39,2.0,F
1361,52,1.0,F
1362,48,3.0,F
1363,52,2.0,M
1364,37,4.0,F
1365,37,1.0,M
1366,55,1.0,F
1367,66,1.0,F
1368,37,1.0,F
1369,39,2.0,M
1370,59,3.0,F
1371,53,2.0,F
1372,54,1.0,F
1373,52,1.0,M
1374,57,1.0,F
1375,49,3.0,F
1376,57,1.0,M
1377,54,1.0,F
1378,60,1.0,F
1379,50,1.0,M
1380,51,3.0,F
1381,36,3.0,F
1382,47,2.0,F
1383,50,4.0,F
1384,56,1.0,M
1385,45,3.0,F
1386,43,2.0,F
1387,63,1.0,F
1388,64,1.0,M
1389,42,1.0,M
1390,64,1.0,F
1391,54,1.0,M
1392,50,,M
1393,52,1.0,F
1394,44,1.0,F
1395,44,1.0,F
1396,40,3.0,F
1397,41,2.0,F
1398,39,2.0,M
1399,39,3.0,F
1400,45,4.0,F
1401,39,1.0,M
1402,45,3.0,F
1403,44,1.0,M
1404,45,3.0,F
1405,60,1.0,M
1406,48,1.0,F
1407,57,1.0,M
1408,64,1.0,F
1409,41,3.0,M
1410,45,1.0,M
1411,50,2.0,F
1412,38,,M
1413,53,1.0,F
1414,57,2.0,M
1415,42,3.0,F
1416,41,2.0,M
1417,43,2.0,F
1418,45,1.0,M
1419,41,1.0,F
1420,47,3.0,F
1421,54,2.0,F
1422,52,2.0,F
1423,40,2.0,F
1424,40,1.0,M
1425,40,2.0,F
1426,46,4.0,M
1427,46,1.0,F
1428,36,2.0,M
1429,48,3.0,F
1430,46,2.0,F
1431,36,2.0,M
1432,46,2.0,M
1433,55,1.0,F
1434,40,2.0,F
1435,61,2.0,F
1436,56,3.0,F
1437,64,,F
1438,41,3.0,M
1439,54,1.0,F
1440,47,1.0,F
1441,65,3.0,F
1442,47,4.0,F
1443,63,2.0,F
1444,39,1.0,M
1445,50,2.0,F
1446,41,1.0,F
1447,42,1.0,F
1448,55,,F
1449,44,4.0,F
1450,65,1.0,M
1451,55,1.0,M
1452,43,4.0,M
1453,58,1.0,M
1454,41,1.0,M
1455,55,2.0,F
1456,34,1.0,M
1457,42,2.0,F
1458,58,1.0,F
1459,53,1.0,F
1460,44,1.0,F
1461,47,2.0,F
1462,38,1.0,F
1463,54,3.0,F
1464,48,2.0,M
1465,63,2.0,F
1466,45,2.0,F
1467,49,1.0,F
1468,52,2.0,F
1469,40,2.0,F
1470,49,4.0,M
1471,48,2.0,M
1472,42,2.0,M
1473,46,1.0,M
1474,64,1.0,M
1475,37,2.0,M
1476,59,1.0,F
1477,44,1.0,F
1478,40,2.0,F
1479,40,2.0,F
1480,46,3.0,F
1481,62,1.0,M
1482,45,2.0,F
1483,47,1.0,M
1484,47,4.0,M
1485,56,2.0,M
1486,47,1.0,M
1487,37,2.0,M
1488,51,1.0,F
1489,57,1.0,M
1490,55,3.0,F
1491,36,,M
1492,38,1.0,M
1493,54,1.0,F
1494,35,,M
1495,55,2.0,M
1496,42,2.0,F
1497,40,2.0,F
1498,42,3.0,F
1499,40,2.0,M
1500,40,1.0,M
1501,54,1.0,M
1502,48,,M
1503,55,1.0,F
1504,46,1.0,F
1505,51,1.0,M
1506,64,1.0,M
1507,36,1.0,M
1508,57,1.0,F
1509,43,2.0,M
1510,36,4.0,F
1511,68,3.0,F
1512,42,1.0,M
1513,48,2.0,M
1514,69,3.0,F
1515,43,3.0,F
1516,59,3.0,F
1517,43,1.0,F
1518,44,1.0,F
1519,43,1.0,F
1520,42,2.0,M
1521,41,3.0,F
1522,38,3.0,F
1523,39,4.0,F
1524,42,3.0,M
1525,39,2.0,M
1526,40,3.0,M
1527,40,4.0,M
1528,44,1.0,M
1529,44,3.0,F
1530,50,3.0,F
1531,38,2.0,M
1532,42,2.0,M
1533,55,1.0,F
1534,41,1.0,F
1535,42,1.0,M
1536,40,1.0,M
1537,62,1.0,F
1538,56,2.0,M
1539,40,2.0,F
1540,52,4.0,M
1541,60,4.0,M
1542,64,1.0,M
1543,35,2.0,M
1544,38,1.0,M
1545,45,1.0,F
1546,36,3.0,F
1547,52,1.0,M
1548,63,,M
1549,45,1.0,M
1550,50,1.0,M
1551,53,1.0,F
1552,48,1.0,F
1553,46,1.0,F
1554,55,1.0,F
1555,43,4.0,M
1556,56,3.0,M
1557,51,2.0,F
1558,38,1.0,F
1559,41,2.0,M
1560,41,3.0,M
1561,55,2.0,F
1562,49,,F
1563,35,2.0,M
1564,38,2.0,F
1565,39,2.0,M
1566,55,1.0,F
1567,42,4.0,F
1568,44,1.0,F
1569,41,4.0,F
1570,49,1.0,F
1571,55,1.0,M
1572,55,2.0,F
1573,41,2.0,M
1574,62,4.0,M
1575,67,1.0,M
1576,43,2.0,M
1577,38,2.0,F
1578,59,1.0,M
1579,45,3.0,M
1580,54,2.0,F
1581,62,3.0,M
1582,47,3.0,F
1583,48,3.0,F
1584,49,3.0,M
1585,59,1.0,F
1586,59,3.0,F
1587,62,3.0,M
1588,60,1.0,M
1589,46,1.0,F
1590,52,2.0,F
1591,41,3.0,F
1592,49,1.0,F
1593,66,4.0,M
1594,37,2.0,M
1595,58,2.0,F
1596,48,1.0,F
1597,57,,F
1598,39,2.0,M
1599,51,2.0,M
1600,62,1.0,F
1601,60,4.0,F
1602,63,3.0,F
1603,43,2.0,F
1604,47,1.0,F
1605,51,3.0,M
1606,56,2.0,F
1607,56,1.0,M
1608,40,4.0,M
1609,48,1.0,F
1610,52,1.0,M
1611,50,2.0,M
1612,49,3.0,F
1613,38,3.0,F
1614,50,2.0,F
1615,41,2.0,F
1616,44,1.0,F
1617,38,1.0,F
1618,43,2.0,M
1619,57,1.0,M
1620,40,2.0,F
1621,43,3.0,F
1622,58,1.0,F
1623,41,2.0,F
1624,63,4.0,F
1625,37,2.0,F
1626,38,1.0,M
1627,65,1.0,F
1628,60,1.0,F
1629,59,1.0,F
1630,37,2.0,F
1631,40,2.0,M
1632,69,2.0,F
1633,57,3.0,F
1634,35,2.0,M
1635,57,3.0,M
1636,63,3.0,F
1637,54,2.0,F
1638,51,1.0,M
1639,59,1.0,F
1640,51,,M
1641,46,2.0,F
1642,40,2.0,F
1643,52,1.0,F
1644,48,4.0,F
1645,51,3.0,F
1646,67,2.0,F
1647,59,1.0,F
1648,45,2.0,F
1649,47,2.0,F
1650,40,1.0,M
1651,38,3.0,F
1652,49,2.0,F
1653,40,1.0,M
1654,65,4.0,F
1655,49,3.0,M
1656,52,3.0,F
1657,39,2.0,M
1658,46,1.0,F
1659,39,2.0,F
1660,39,2.0,F
1661,40,2.0,F
1662,42,1.0,F
1663,61,2.0,F
1664,38,2.0,M
1665,52,3.0,F
1666,38,3.0,F
1667,49,,F
1668,55,1.0,M
1669,61,2.0,F
1670,49,2.0,F
1671,57,1.0,F
1672,55,1.0,M
1673,39,2.0,M
1674,44,1.0,F
1675,49,2.0,M
1676,54,1.0,M
1677,61,1.0,M
1678,65,1.0,F
1679,50,1.0,F
1680,64,1.0,M
1681,42,1.0,F
1682,53,2.0,F
1683,67,1.0,M
1684,51,1.0,F
1685,39,4.0,M
1686,35,2.0,F
1687,43,3.0,M
1688,39,2.0,F
1689,63,1.0,M
1690,55,4.0,M
1691,57,2.0,M
1692,40,4.0,F
1693,40,2.0,M
1694,61,2.0,F
1695,59,1.0,F
1696,56,3.0,F
1697,54,3.0,M
1698,45,1.0,M
1699,37,2.0,F
1700,58,1.0,M
1701,62,1.0,M
1702,45,4.0,F
1703,38,1.0,F
1704,38,1.0,F
1705,58,1.0,F
1706,40,4.0,F
1707,41,2.0,F
1708,38,1.0,M
1709,46,2.0,F
1710,51,4.0,M
1711,40,3.0,F
1712,43,2.0,F
1713,50,1.0,M
1714,43,2.0,F
1715,65,1.0,M
1716,40,1.0,F
1717,45,2.0,F
1718,40,2.0,M
1719,41,1.0,F
1720,57,1.0,M
1721,54,4.0,M
1722,39,2.0,M
1723,38,2.0,F
1724,39,3.0,F
1725,68,3.0,F
1726,46,1.0,F
1727,50,2.0,F
1728,56,1.0,F
1729,59,1.0,F
1730,38,,M
1731,49,2.0,F
1732,55,1.0,M
1733,51,2.0,M
1734,60,1.0,M
1735,47,2.0,F
1736,59,3.0,F
1737,34,3.0,F
1738,52,1.0,F
1739,53,1.0,M
1740,46,1.0,F
1741,60,1.0,F
1742,47,1.0,M
1743,43,4.0,F
1744,49,3.0,M
1745,41,1.0,F
1746,35,2.0,M
1747,58,3.0,F
1748,46,1.0,M
1749,60,3.0,M
1750,61,2.0,M
1751,36,3.0,F
1752,64,,M
1753,40,2.0,F
1754,42,1.0,M
1755,54,1.0,F
1756,58,3.0,F
1757,40,3.0,M
1758,56,1.0,F
1759,36,4.0,M
1760,63,1.0,F
1761,49,2.0,M
1762,44,1.0,M
1763,60,2.0,F
1764,36,2.0,M
1765,55,2.0,F
1766,62,1.0,M
1767,42,2.0,F
1768,55,1.0,F
1769,57,4.0,F
1770,40,3.0,M
1771,63,1.0,M
1772,56,1.0,M
1773,46,1.0,F
1774,46,1.0,M
1775,46,2.0,F
1776,39,2.0,F
1777,53,1.0,M
1778,58,1.0,F
1779,64,2.0,F
1780,47,3.0,F
1781,47,2.0,F
1782,48,2.0,F
1783,38,4.0,M
1784,50,1.0,M
1785,48,,M
1786,50,1.0,F
1787,52,1.0,M
1788,47,,M
1789,48,1.0,M
1790,48,1.0,F
1791,61,1.0,F
1792,43,1.0,M
1793,49,3.0,F
1794,59,1.0,F
1795,45,1.0,M
1796,43,4.0,M
1797,61,4.0,F
1798,56,1.0,M
1799,58,2.0,M
1800,57,2.0,M
1801,38,2.0,M
1802,37,2.0,M
1803,56,1.0,F
1804,43,4.0,M
1805,41,1.0,F
1806,40,2.0,F
1807,55,3.0,F
1808,47,2.0,F
1809,61,2.0,M
1810,40,2.0,F
1811,63,1.0,F
1812,52,1.0,M
1813,63,2.0,F
1814,54,4.0,F
1815,40,3.0,M
1816,36,2.0,F
1817,41,1.0,F
1818,57,1.0,M
1819,61,1.0,F
1820,46,3.0,F
1821,34,2.0,F
1822,38,2.0,F
1823,58,1.0,F
1824,40,3.0,F
1825,64,2.0,F
1826,47,2.0,F
1827,47,3.0,F
1828,64,1.0,F
1829,48,3.0,M
1830,39,2.0,M
1831,43,3.0,F
1832,36,1.0,M
1833,56,4.0,M
1834,54,1.0,F
1835,63,1.0,M
1836,45,4.0,F
1837,54,2.0,F
1838,39,3.0,F
1839,58,3.0,F
1840,55,2.0,M
1841,56,2.0,F
1842,62,1.0,M
1843,52,3.0,F
1844,63,3.0,M
1845,41,2.0,M
1846,44,2.0,F
1847,53,1.0,M
1848,46,1.0,M
1849,52,2.0,F
1850,59,1.0,F
1851,41,3.0,F
1852,46,2.0,F
1853,44,1.0,M
1854,56,1.0,M
1855,42,1.0,F
1856,39,2.0,F
1857,47,1.0,F
1858,63,2.0,F
1859,40,3.0,M
1860,50,2.0,F
1861,37,3.0,M
1862,65,1.0,F
1863,41,2.0,M
1864,45,3.0,M
1865,65,4.0,M
1866,54,1.0,F
1867,40,4.0,M
1868,60,1.0,F
1869,60,,F
1870,40,1.0,M
1871,43,2.0,F
1872,61,1.0,M
1873,46,1.0,M
1874,48,3.0,M
1875,47,1.0,F
1876,53,2.0,F
1877,35,2.0,F
1878,60,1.0,M
1879,38,2.0,F
1880,41,2.0,M
1881,43,1.0,M
1882,42,2.0,F
1883,55,1.0,F
1884,59,1.0,M
1885,53,1.0,F
1886,51,1.0,M
1887,40,1.0,M
1888,38,2.0,M
1889,60,2.0,F
1890,36,2.0,F
1891,50,1.0,F
1892,62,1.0,M
1893,44,4.0,M
1894,40,2.0,F
1895,38,4.0,M
1896,64,2.0,F
1897,56,1.0,F
1898,36,1.0,M
1899,52,1.0,F
1900,59,1.0,F
1901,55,1.0,F
1902,44,1.0,F
1903,41,2.0,M
1904,51,2.0,F
1905,63,1.0,F
1906,44,1.0,M
1907,68,1.0,M
1908,37,,M
1909,50,4.0,F
1910,48,2.0,M
1911,47,1.0,M
1912,63,1.0,M
1913,49,1.0,M
1914,38,1.0,M
1915,39,1.0,M
1916,37,3.0,F
1917,42,1.0,M
1918,57,1.0,F
1919,45,2.0,M
1920,46,2.0,F
1921,40,3.0,F
1922,58,4.0,M
1923,60,2.0,F
1924,53,1.0,F
1925,57,1.0,M
1926,53,,F
1927,49,1.0,M
1928,42,4.0,F
1929,46,1.0,F
1930,64,2.0,F
1931,44,2.0,F
1932,60,1.0,F
1933,35,2.0,F
1934,45,2.0,F
1935,47,4.0,F
1936,40,1.0,M
1937,43,1.0,F
1938,62,1.0,F
1939,45,1.0,F
1940,57,3.0,M
1941,64,1.0,F
1942,42,1.0,F
1943,61,1.0,F
1944,45,2.0,M
1945,54,3.0,F
1946,55,2.0,F
1947,65,1.0,M
1948,41,3.0,M
1949,62,3.0,F
1950,48,1.0,F
1951,35,4.0,M
1952,50,3.0,F
1953,60,1.0,M
1954,51,2.0,F
1955,62,3.0,F
1956,64,1.0,F
1957,40,4.0,M
1958,47,3.0,F
1959,64,1.0,F
1960,36,2.0,M
1961,48,1.0,F
1962,48,3.0,F
1963,38,2.0,F
1964,39,1.0,F
1965,44,2.0,F
1966,36,3.0,F
1967,39,4.0,M
1968,46,1.0,M
1969,65,1.0,F
1970,43,1.0,M
1971,40,2.0,M
1972,44,3.0,F
1973,38,2.0,M
1974,50,1.0,F
1975,40,2.0,M
1976,40,2.0,F
1977,61,,F
1978,44,1.0,M
1979,68,1.0,M
1980,43,4.0,M
1981,44,1.0,F
1982,57,2.0,F
1983,61,1.0,F
1984,38,4.0,M
1985,59,2.0,F
1986,49,2.0,F
1987,51,2.0,F
1988,44,3.0,F
1989,38,3.0,F
1990,54,2.0,M
1991,48,1.0,F
1992,40,2.0,F
1993,53,1.0,M
1994,48,1.0,F
1995,40,2.0,F
1996,44,2.0,M
1997,51,3.0,F
1998,48,1.0,F
1999,41,4.0,M
2000,44,2.0,M
2001,45,,M
2002,37,1.0,F
2003,67,2.0,F
2004,58,1.0,F
2005,54,1.0,F
2006,62,1.0,F
2007,45,1.0,F
2008,50,2.0,M
2009,53,1.0,M
2010,50,3.0,M
2011,44,1.0,M
2012,66,4.0,M
2013,55,1.0,M
2014,49,2.0,M
2015,42,2.0,F
2016,51,3.0,F
2017,41,,M
2018,53,4.0,M
2019,52,2.0,F
2020,48,3.0,F
2021,47,1.0,M
2022,52,2.0,M
2023,48,4.0,M
2024,46,2.0,F
2025,66,1.0,M
2026,42,3.0,M
2027,47,2.0,F
2028,51,1.0,F
2029,56,1.0,M
2030,43,1.0,M
2031,58,4.0,F
2032,66,1.0,F
2033,53,2.0,F
2034,58,1.0,F
2035,42,1.0,F
2036,59,1.0,M
2037,41,1.0,F
2038,44,,M
2039,60,1.0,F
2040,45,2.0,F
2041,39,2.0,F
2042,51,1.0,M
2043,55,1.0,M
2044,43,3.0,F
2045,55,2.0,F
2046,67,3.0,F
2047,52,3.0,M
2048,58,3.0,F
2049,67,1.0,M
2050,53,1.0,M
2051,55,4.0,M
2052,47,2.0,M
2053,39,1.0,F
2054,51,2.0,F
2055,45,1.0,M
2056,51,1.0,F
2057,60,1.0,F
2058,44,3.0,F
2059,55,3.0,F
2060,37,2.0,M
2061,43,3.0,M
2062,46,1.0,F
2063,43,4.0,F
2064,42,2.0,F
2065,50,4.0,M
2066,39,2.0,M
2067,58,1.0,M
2068,52,3.0,M
2069,37,4.0,F
2070,39,4.0,M
2071,56,2.0,M
2072,63,3.0,F
2073,64,1.0,F
2074,39,2.0,F
2075,59,1.0,M
2076,62,2.0,F
2077,52,1.0,F
2078,36,4.0,M
2079,44,1.0,M
2080,49,4.0,M
2081,53,4.0,F
2082,43,4.0,M
2083,53,1.0,M
2084,37,1.0,F
2085,47,4.0,F
2086,62,4.0,M
2087,49,4.0,M
2088,55,2.0,F
2089,40,3.0,F
2090,49,3.0,M
2091,43,2.0,M
2092,48,4.0,F
2093,66,2.0,F
2094,47,1.0,M
2095,56,2.0,F
2096,48,1.0,F
2097,39,1.0,M
2098,59,1.0,M
2099,44,1.0,F
2100,57,1.0,F
2101,58,2.0,M
2102,56,1.0,M
2103,50,1.0,M
2104,62,3.0,M
2105,36,1.0,M
2106,56,2.0,F
2107,38,1.0,M
2108,58,1.0,F
2109,49,1.0,M
2110,64,1.0,F
2111,44,1.0,M
2112,53,2.0,M
2113,39,3.0,F
2114,63,3.0,F
2115,53,3.0,F
2116,50,4.0,M
2117,49,2.0,M
2118,41,1.0,F
2119,50,2.0,F
2120,55,3.0,M
2121,57,4.0,F
2122,50,1.0,M
2123,42,2.0,M
2124,48,1.0,M
2125,68,1.0,M
2126,67,1.0,F
2127,63,1.0,F
2128,47,2.0,M
2129,56,1.0,F
2130,59,1.0,F
2131,57,1.0,M
2132,59,2.0,M
2133,41,2.0,F
2134,54,1.0,F
2135,53,2.0,M
2136,54,1.0,M
2137,54,3.0,F
2138,60,1.0,F
2139,46,4.0,F
2140,56,1.0,M
2141,66,1.0,M
2142,41,1.0,F
2143,48,1.0,M
2144,38,1.0,M
2145,46,3.0,F
2146,39,1.0,M
2147,43,3.0,M
2148,63,1.0,M
2149,59,1.0,M
2150,48,1.0,M
2151,47,1.0,F
2152,43,1.0,M
2153,52,4.0,M
2154,67,3.0,F
2155,50,2.0,F
2156,39,1.0,F
2157,57,1.0,M
2158,60,4.0,M
2159,61,1.0,F
2160,46,2.0,F
2161,39,2.0,M
2162,51,1.0,M
2163,42,2.0,F
2164,53,3.0,F
2165,51,3.0,M
2166,50,1.0,M
2167,53,1.0,F
2168,37,2.0,F
2169,53,1.0,M
2170,55,1.0,F
2171,42,1.0,F
2172,55,1.0,F
2173,48,1.0,F
2174,43,1.0,F
2175,42,4.0,M
2176,53,3.0,M
2177,53,2.0,M
2178,52,3.0,M
2179,55,4.0,M
2180,39,3.0,F
2181,60,1.0,M
2182,36,3.0,F
2183,53,4.0,M
2184,47,1.0,M
2185,40,2.0,F
2186,55,2.0,F
2187,66,1.0,M
2188,62,3.0,F
2189,41,1.0,F
2190,63,4.0,M
2191,56,3.0,F
2192,55,1.0,F
2193,40,3.0,F
2194,46,3.0,M
2195,45,2.0,M
2196,43,1.0,M
2197,60,3.0,F
2198,42,1.0,M
2199,41,2.0,F
2200,36,2.0,F
2201,39,3.0,F
2202,42,1.0,M
2203,49,2.0,F
2204,52,1.0,F
2205,41,2.0,M
2206,65,4.0,M
2207,44,3.0,M
2208,48,3.0,F
2209,40,2.0,F
2210,62,1.0,F
2211,62,1.0,F
2212,46,4.0,F
2213,62,4.0,F
2214,34,,F
2215,41,2.0,F
2216,48,3.0,F
2217,63,1.0,F
2218,58,1.0,F
2219,54,3.0,M
2220,60,2.0,M
2221,57,1.0,M
2222,48,,M
2223,57,1.0,F
2224,38,4.0,M
2225,39,2.0,F
2226,64,1.0,F
2227,38,3.0,M
2228,45,3.0,F
2229,48,3.0,F
2230,45,2.0,M
2231,70,1.0,F
2232,56,1.0,M
2233,44,2.0,M
2234,44,2.0,M
2235,60,1.0,F
2236,45,3.0,F
2237,42,,M
2238,62,,F
2239,64,1.0,F
2240,47,3.0,F
2241,63,1.0,M
2242,43,1.0,F
2243,58,4.0,M
2244,40,1.0,F
2245,44,1.0,M
2246,58,3.0,F
2247,39,4.0,M
2248,38,4.0,F
2249,66,1.0,F
2250,46,2.0,F
2251,50,4.0,M
2252,60,4.0,M
2253,61,1.0,F
2254,52,1.0,F
2255,39,2.0,F
2256,45,3.0,F
2257,39,2.0,M
2258,38,4.0,M
2259,51,2.0,M
2260,64,1.0,F
2261,60,3.0,F
2262,57,1.0,M
2263,38,2.0,F
2264,43,2.0,F
2265,37,1.0,M
2266,40,2.0,F
2267,48,1.0,M
2268,54,1.0,F
2269,47,1.0,F
2270,41,2.0,M
2271,44,2.0,M
2272,53,4.0,F
2273,67,,M
2274,39,1.0,M
2275,68,1.0,M
2276,48,2.0,F
2277,59,1.0,M
2278,43,4.0,F
2279,48,1.0,F
2280,63,2.0,F
2281,65,2.0,F
2282,55,2.0,F
2283,39,4.0,F
2284,45,2.0,M
2285,56,2.0,M
2286,60,1.0,F
2287,62,1.0,M
2288,50,2.0,F
2289,40,2.0,M
2290,60,1.0,M
2291,45,3.0,F
2292,47,,F
2293,55,1.0,F
2294,46,2.0,F
2295,35,4.0,F
2296,60,4.0,F
2297,42,4.0,F
2298,64,2.0,F
2299,49,2.0,M
2300,59,2.0,M
2301,60,2.0,M
2302,58,1.0,F
2303,53,4.0,F
2304,55,1.0,F
2305,44,4.0,M
2306,54,3.0,M
2307,44,1.0,F
2308,42,3.0,F
2309,45,3.0,F
2310,51,2.0,M
2311,35,3.0,M
2312,38,4.0,M
2313,39,4.0,M
2314,63,,F
2315,61,2.0,F
2316,58,1.0,M
2317,42,2.0,M
2318,51,2.0,M
2319,56,1.0,F
2320,36,2.0,F
2321,38,2.0,M
2322,40,1.0,F
2323,51,2.0,F
2324,38,2.0,F
2325,48,1.0,F
2326,51,,F
2327,46,1.0,M
2328,40,,F
2329,53,3.0,F
2330,63,4.0,F
2331,50,4.0,M
2332,54,1.0,M
2333,58,2.0,F
2334,65,1.0,M
2335,39,2.0,M
2336,38,1.0,M
2337,58,2.0,F
2338,50,1.0,F
2339,43,4.0,M
2340,68,2.0,F
2341,47,3.0,M
2342,52,1.0,M
2343,67,1.0,F
2344,64,1.0,M
2345,43,3.0,M
2346,37,1.0,M
2347,56,1.0,M
2348,62,1.0,M
2349,50,2.0,M
2350,40,2.0,F
2351,57,1.0,F
2352,44,1.0,F
2353,61,3.0,F
2354,49,2.0,M
2355,57,3.0,M
2356,61,1.0,F
2357,51,1.0,F
2358,56,1.0,M
2359,45,3.0,F
2360,48,2.0,M
2361,61,1.0,F
2362,39,1.0,F
2363,42,1.0,F
2364,48,1.0,F
2365,50,,F
2366,43,3.0,F
2367,47,1.0,M
2368,50,2.0,F
2369,41,2.0,M
2370,37,2.0,F
2371,64,1.0,M
2372,41,1.0,F
2373,40,2.0,F
2374,64,2.0,M
2375,55,3.0,F
2376,66,1.0,F
2377,57,2.0,F
2378,66,1.0,F
2379,40,2.0,F
2380,60,1.0,M
2381,48,3.0,F
2382,40,2.0,F
2383,38,1.0,F
2384,51,1.0,F
2385,58,1.0,F
2386,48,2.0,F
2387,59,1.0,M
2388,42,4.0,M
2389,42,2.0,M
2390,46,4.0,F
2391,65,1.0,F
2392,46,3.0,F
2393,48,4.0,M
2394,38,4.0,F
2395,44,2.0,M
2396,36,2.0,M
2397,44,1.0,M
2398,64,1.0,F
2399,59,2.0,F
2400,49,1.0,F
2401,58,1.0,M
2402,57,2.0,F
2403,61,3.0,F
2404,55,2.0,F
2405,56,1.0,M
2406,52,2.0,M
2407,58,1.0,F
2408,55,1.0,M
2409,43,1.0,M
2410,46,3.0,F
2411,50,4.0,M
2412,39,4.0,M
2413,46,1.0,F
2414,39,2.0,M
2415,56,1.0,M
2416,66,4.0,F
2417,49,1.0,M
2418,65,1.0,F
2419,46,1.0,F
2420,60,2.0,F
2421,55,3.0,F
2422,54,2.0,M
2423,42,,F
2424,59,1.0,M
2425,62,1.0,F
2426,46,2.0,F
2427,50,3.0,F
2428,39,1.0,M
2429,44,4.0,M
2430,48,1.0,M
2431,42,2.0,F
2432,40,2.0,F
2433,58,2.0,M
2434,62,1.0,M
2435,48,2.0,F
2436,53,2.0,M
2437,50,1.0,M
2438,46,2.0,F
2439,52,3.0,M
2440,46,3.0,M
2441,57,2.0,M
2442,48,2.0,M
2443,36,2.0,M
2444,53,3.0,F
2445,59,1.0,F
2446,35,2.0,M
2447,63,1.0,M
2448,59,1.0,F
2449,39,2.0,M
2450,40,1.0,M
2451,55,1.0,F
2452,39,1.0,M
2453,67,1.0,F
2454,57,2.0,F
2455,47,1.0,F
2456,41,4.0,F
2457,54,3.0,M
2458,61,3.0,M
2459,45,4.0,F
2460,39,1.0,F
2461,41,4.0,F
2462,48,1.0,F
2463,59,1.0,F
2464,44,1.0,F
2465,61,1.0,M
2466,48,2.0,M
2467,43,1.0,F
2468,51,1.0,M
2469,41,1.0,M
2470,65,1.0,F
2471,56,1.0,F
2472,47,1.0,F
2473,51,4.0,M
2474,52,1.0,F
2475,48,2.0,F
2476,41,2.0,F
2477,46,3.0,F
2478,49,3.0,F
2479,52,4.0,F
2480,46,4.0,M
2481,56,1.0,F
2482,57,2.0,F
2483,61,1.0,M
2484,54,1.0,M
2485,44,1.0,F
2486,53,1.0,F
2487,37,1.0,F
2488,39,1.0,M
2489,53,1.0,F
2490,47,2.0,F
2491,38,3.0,M
2492,46,1.0,F
2493,47,1.0,M
2494,51,2.0,F
2495,45,1.0,M
2496,40,1.0,M
2497,42,2.0,F
2498,61,1.0,F
2499,56,1.0,M
2500,50,3.0,M
2501,49,1.0,F
2502,46,3.0,F
2503,64,3.0,F
2504,46,1.0,F
2505,63,3.0,F
2506,49,3.0,F
2507,53,2.0,F
2508,42,2.0,F
2509,64,1.0,F
2510,49,2.0,F
2511,47,1.0,F
2512,55,4.0,M
2513,36,4.0,M
2514,43,2.0,M
2515,44,1.0,F
2516,46,2.0,F
2517,46,1.0,M
2518,43,3.0,F
2519,53,2.0,F
2520,42,1.0,M
2521,38,4.0,F
2522,44,1.0,F
2523,62,2.0,F
2524,67,1.0,F
2525,54,1.0,M
2526,57,1.0,F
2527,58,2.0,M
2528,51,1.0,F
2529,62,2.0,F
2530,37,2.0,F
2531,54,3.0,F
2532,50,,M
2533,52,2.0,F
2534,57,1.0,F
2535,53,3.0,F
2536,43,1.0,M
2537,61,1.0,M
2538,43,2.0,M
2539,50,2.0,F
2540,41,1.0,F
2541,42,1.0,F
2542,52,1.0,F
2543,57,2.0,F
2544,47,1.0,M
2545,45,2.0,F
2546,48,2.0,F
2547,43,2.0,F
2548,60,3.0,M
2549,44,1.0,F
2550,41,1.0,F
2551,48,1.0,M
2552,58,3.0,M
2553,41,1.0,F
2554,62,1.0,F
2555,52,2.0,F
2556,45,3.0,M
2557,51,2.0,F
2558,40,1.0,F
2559,40,1.0,M
2560,62,4.0,F
2561,39,2.0,M
2562,35,1.0,M
2563,61,1.0,M
2564,48,1.0,F
2565,64,2.0,M
2566,61,1.0,M
2567,43,1.0,M
2568,45,2.0,M
2569,42,1.0,F
2570,42,1.0,M
2571,38,4.0,F
2572,63,1.0,F
2573,54,1.0,F
2574,42,2.0,F
2575,64,1.0,F
2576,39,1.0,F
2577,47,4.0,F
2578,45,1.0,M
2579,51,3.0,F
2580,40,2.0,F
2581,43,1.0,F
2582,63,1.0,M
2583,57,1.0,M
2584,64,1.0,F
2585,51,4.0,M
2586,36,2.0,M
2587,39,2.0,M
2588,48,1.0,M
2589,53,2.0,M
2590,50,3.0,F
2591,62,2.0,F
2592,49,3.0,M
2593,40,2.0,M
2594,44,3.0,F
2595,59,1.0,M
2596,58,2.0,F
2597,53,2.0,F
2598,56,4.0,F
2599,42,3.0,M
2600,40,2.0,M
2601,43,4.0,M
2602,46,2.0,F
2603,52,1.0,M
2604,46,2.0,M
2605,40,3.0,F
2606,60,3.0,M
2607,40,2.0,M
2608,63,2.0,F
2609,53,3.0,M
2610,41,3.0,M
2611,61,2.0,F
2612,63,1.0,F
2613,46,1.0,M
2614,54,3.0,F
2615,60,1.0,M
2616,39,2.0,M
2617,61,1.0,F
2618,46,3.0,F
2619,54,4.0,M
2620,57,1.0,M
2621,49,3.0,F
2622,46,1.0,M
2623,42,1.0,M
2624,39,2.0,F
2625,62,2.0,F
2626,39,4.0,F
2627,43,2.0,F
2628,57,2.0,F
2629,60,1.0,M
2630,53,1.0,M
2631,42,2.0,M
2632,44,2.0,F
2633,47,3.0,F
2634,45,2.0,M
2635,57,,M
2636,41,4.0,F
2637,40,2.0,F
2638,57,,M
2639,54,3.0,F
2640,56,,M
2641,43,1.0,F
2642,32,2.0,F
2643,43,3.0,F
2644,65,2.0,F
2645,51,1.0,M
2646,50,2.0,M
2647,53,2.0,F
2648,39,2.0,M
2649,39,4.0,F
2650,49,3.0,M
2651,48,2.0,F
2652,54,1.0,F
2653,40,1.0,M
2654,54,2.0,F
2655,39,1.0,F
2656,53,2.0,M
2657,45,1.0,F
2658,50,2.0,F
2659,56,1.0,M
2660,62,2.0,F
2661,59,2.0,F
2662,42,2.0,M
2663,38,4.0,F
2664,57,1.0,F
2665,58,2.0,F
2666,37,2.0,F
2667,58,1.0,F
2668,34,2.0,F
2669,49,2.0,F
2670,36,2.0,F
2671,43,3.0,F
2672,52,1.0,M
2673,36,2.0,F
2674,41,1.0,F
2675,45,1.0,F
2676,39,1.0,M
2677,42,2.0,M
2678,38,3.0,F
2679,43,1.0,F
2680,38,2.0,F
2681,41,2.0,M
2682,60,3.0,F
2683,56,2.0,M
2684,38,3.0,M
2685,56,1.0,F
2686,58,1.0,F
2687,40,3.0,F
2688,42,3.0,M
2689,45,3.0,F
2690,42,1.0,M
2691,63,1.0,M
2692,48,3.0,F
2693,55,1.0,F
2694,63,4.0,M
2695,38,2.0,F
2696,39,2.0,F
2697,63,1.0,F
2698,38,2.0,F
2699,57,1.0,F
2700,45,3.0,F
2701,54,1.0,F
2702,35,2.0,F
2703,47,2.0,M
2704,60,1.0,M
2705,45,1.0,F
2706,56,4.0,F
2707,45,2.0,M
2708,47,1.0,F
2709,42,3.0,M
2710,49,1.0,M
2711,50,,M
2712,38,2.0,F
2713,51,4.0,M
2714,54,2.0,F
2715,46,1.0,M
2716,36,1.0,M
2717,40,1.0,F
2718,59,1.0,F
2719,47,1.0,F
2720,57,3.0,F
2721,53,1.0,F
2722,39,3.0,F
2723,43,4.0,M
2724,35,2.0,F
2725,50,2.0,M
2726,51,3.0,M
2727,46,1.0,F
2728,37,3.0,M
2729,51,4.0,M
2730,58,1.0,M
2731,40,3.0,F
2732,57,4.0,M
2733,59,2.0,F
2734,50,3.0,M
2735,52,2.0,M
2736,42,1.0,F
2737,63,1.0,F
2738,61,,F
2739,55,1.0,F
2740,59,3.0,F
2741,53,1.0,F
2742,46,2.0,F
2743,50,1.0,M
2744,45,1.0,M
2745,45,1.0,M
2746,53,3.0,M
2747,60,1.0,F
2748,39,1.0,M
2749,55,1.0,F
2750,47,1.0,F
2751,40,2.0,M
2752,50,1.0,M
2753,58,2.0,F
2754,58,3.0,M
2755,56,1.0,F
2756,55,2.0,F
2757,64,,F
2758,50,2.0,F
2759,35,2.0,F
2760,57,1.0,M
2761,44,1.0,M
2762,53,4.0,F
2763,39,2.0,F
2764,56,4.0,M
2765,43,,F
2766,43,3.0,F
2767,37,4.0,M
2768,59,4.0,M
2769,52,4.0,F
2770,52,1.0,M
2771,42,3.0,F
2772,51,3.0,F
2773,38,2.0,F
2774,38,1.0,F
2775,43,1.0,F
2776,43,2.0,M
2777,43,1.0,M
2778,58,3.0,M
2779,38,2.0,M
2780,56,2.0,M
2781,55,2.0,F
2782,41,2.0,M
2783,54,1.0,F
2784,52,3.0,M
2785,36,2.0,F
2786,37,2.0,M
2787,54,1.0,F
2788,61,2.0,F
2789,48,4.0,M
2790,45,1.0,F
2791,36,4.0,M
2792,52,1.0,M
2793,45,1.0,M
2794,56,1.0,M
2795,44,2.0,M
2796,58,1.0,M
2797,47,2.0,F
2798,66,1.0,F
2799,43,2.0,F
2800,60,1.0,F
2801,45,4.0,M
2802,43,4.0,M
2803,49,3.0,F
2804,49,4.0,M
2805,50,4.0,M
2806,47,2.0,F
2807,50,4.0,F
2808,59,1.0,F
2809,57,2.0,F
2810,40,2.0,M
2811,64,1.0,F
2812,64,1.0,F
2813,67,1.0,F
2814,48,4.0,M
2815,40,1.0,F
2816,42,4.0,M
2817,46,3.0,M
2818,37,1.0,F
2819,50,4.0,F
2820,56,3.0,F
2821,66,2.0,F
2822,50,1.0,F
2823,44,2.0,M
2824,59,1.0,M
2825,48,2.0,M
2826,49,4.0,F
2827,38,2.0,F
2828,41,2.0,F
2829,54,4.0,F
2830,55,2.0,M
2831,46,3.0,F
2832,63,1.0,F
2833,55,1.0,M
2834,53,2.0,F
2835,42,2.0,F
2836,43,4.0,F
2837,62,1.0,F
2838,41,2.0,F
2839,52,1.0,F
2840,44,1.0,M
2841,47,1.0,F
2842,61,2.0,M
2843,62,1.0,F
2844,58,1.0,F
2845,36,3.0,F
2846,63,1.0,M
2847,46,1.0,M
2848,37,1.0,F
2849,46,2.0,F
2850,39,2.0,M
2851,61,1.0,M
2852,41,2.0,M
2853,43,3.0,F
2854,42,,M
2855,64,,F
2856,40,1.0,F
2857,42,3.0,F
2858,50,4.0,F
2859,61,1.0,M
2860,40,1.0,F
2861,51,2.0,F
2862,52,1.0,F
2863,53,1.0,F
2864,39,2.0,F
2865,59,3.0,M
2866,41,3.0,F
2867,53,1.0,M
2868,53,2.0,F
2869,56,1.0,F
2870,45,1.0,F
2871,62,1.0,M
2872,52,1.0,M
2873,49,3.0,F
2874,41,1.0,F
2875,38,3.0,F
2876,59,2.0,M
2877,41,,M
2878,55,1.0,F
2879,42,1.0,M
2880,52,1.0,F
2881,53,2.0,F
2882,44,2.0,F
2883,61,2.0,F
2884,51,3.0,F
2885,54,1.0,F
2886,40,1.0,M
2887,41,2.0,F
2888,43,2.0,F
2889,56,3.0,F
2890,41,1.0,M
2891,42,1.0,M
2892,42,3.0,F
2893,55,1.0,M
2894,52,1.0,M
2895,38,2.0,F
2896,60,2.0,M
2897,41,4.0,M
2898,46,1.0,M
2899,55,1.0,F
2900,49,4.0,F
2901,51,3.0,M
2902,50,2.0,M
2903,62,3.0,M
2904,40,2.0,M
2905,38,2.0,F
2906,57,4.0,M
2907,60,1.0,F
2908,41,2.0,F
2909,46,1.0,M
2910,38,2.0,F
2911,39,2.0,F
2912,42,1.0,F
2913,55,4.0,M
2914,63,3.0,F
2915,65,1.0,M
2916,48,1.0,M
2917,42,2.0,M
2918,61,1.0,F
2919,53,1.0,F
2920,62,1.0,M
2921,37,1.0,F
2922,37,3.0,F
2923,40,2.0,F
2924,36,1.0,F
2925,36,4.0,M
2926,35,2.0,M
2927,50,2.0,F
2928,65,4.0,M
2929,53,1.0,F
2930,38,4.0,M
2931,63,4.0,M
2932,56,1.0,F
2933,54,1.0,M
2934,44,4.0,M
2935,53,1.0,M
2936,61,1.0,M
2937,40,1.0,F
2938,59,4.0,M
2939,45,2.0,M
2940,50,4.0,M
2941,50,2.0,F
2942,42,3.0,F
2943,61,1.0,F
2944,51,3.0,M
2945,53,2.0,M
2946,43,2.0,F
2947,62,2.0,M
2948,37,4.0,F
2949,55,1.0,F
2950,40,2.0,M
2951,52,1.0,M
2952,54,1.0,F
2953,41,1.0,F
2954,39,2.0,F
2955,63,1.0,F
2956,59,1.0,F
2957,38,2.0,M
2958,41,1.0,F
2959,64,1.0,M
2960,37,2.0,M
2961,49,3.0,F
2962,53,1.0,M
2963,51,1.0,M
2964,42,2.0,F
2965,46,3.0,F
2966,46,1.0,F
2967,36,2.0,F
2968,37,2.0,F
2969,54,1.0,F
2970,39,1.0,F
2971,62,1.0,F
2972,43,1.0,F
2973,49,3.0,M
2974,42,4.0,F
2975,48,1.0,F
2976,38,4.0,F
2977,43,4.0,F
2978,46,4.0,M
2979,37,2.0,F
2980,62,2.0,F
2981,65,1.0,F
2982,44,2.0,F
2983,37,4.0,F
2984,49,1.0,M
2985,40,3.0,M
2986,42,2.0,F
2987,40,1.0,M
2988,49,1.0,F
2989,42,1.0,F
2990,55,1.0,F
2991,40,2.0,F
2992,47,,M
2993,46,1.0,F
2994,45,1.0,F
2995,55,1.0,F
2996,60,1.0,M
2997,39,3.0,F
2998,43,1.0,M
2999,55,1.0,F
3000,60,1.0,M
3001,65,3.0,F
3002,42,2.0,M
3003,40,2.0,F
3004,51,1.0,M
3005,39,4.0,F
3006,58,1.0,M
3007,36,2.0,M
3008,50,2.0,F
3009,42,4.0,M
3010,54,1.0,F
3011,45,2.0,F
3012,36,1.0,F
3013,55,1.0,F
3014,59,1.0,F
3015,48,2.0,M
3016,54,1.0,M
3017,57,1.0,F
3018,64,2.0,F
3019,45,1.0,M
3020,39,3.0,F
3021,58,1.0,M
3022,52,1.0,F
3023,38,1.0,M
3024,42,3.0,M
3025,35,1.0,F
3026,39,1.0,F
3027,33,4.0,M
3028,40,4.0,M
3029,57,1.0,M
3030,50,1.0,M
3031,48,3.0,M
3032,56,1.0,M
3033,47,2.0,M
3034,44,2.0,F
3035,68,1.0,M
3036,64,1.0,M
3037,49,3.0,F
3038,36,2.0,M
3039,62,1.0,F
3040,40,4.0,M
3041,53,1.0,F
3042,62,1.0,F
3043,65,2.0,M
3044,63,1.0,M
3045,52,,M
3046,52,2.0,M
3047,64,4.0,F
3048,60,4.0,M
3049,42,4.0,M
3050,39,2.0,M
3051,52,2.0,F
3052,36,3.0,F
3053,59,,F
3054,42,2.0,F
3055,48,2.0,M
3056,51,4.0,M
3057,37,4.0,M
3058,58,1.0,F
3059,61,1.0,M
3060,48,2.0,M
3061,59,2.0,F
3062,39,3.0,F
3063,59,4.0,M
3064,38,2.0,M
3065,63,1.0,F
3066,58,1.0,F
3067,57,1.0,F
3068,40,3.0,F
3069,44,1.0,M
3070,35,3.0,M
3071,45,1.0,F
3072,67,1.0,F
3073,39,2.0,F
3074,62,4.0,F
3075,44,3.0,M
3076,51,2.0,F
3077,47,1.0,F
3078,51,2.0,M
3079,38,2.0,F
3080,56,2.0,F
3081,67,1.0,M
3082,59,2.0,F
3083,47,1.0,F
3084,54,1.0,M
3085,49,1.0,F
3086,54,3.0,F
3087,52,1.0,F
3088,47,3.0,F
3089,45,1.0,F
3090,60,2.0,F
3091,67,1.0,M
3092,44,4.0,M
3093,38,2.0,F
3094,59,3.0,M
3095,51,1.0,F
3096,48,4.0,M
3097,41,2.0,M
3098,43,2.0,F
3099,54,1.0,F
3100,45,1.0,F
3101,48,2.0,M
3102,60,1.0,M
3103,42,1.0,F
3104,35,1.0,M
3105,53,2.0,F
3106,66,1.0,F
3107,64,1.0,M
3108,51,3.0,F
3109,45,3.0,M
3110,66,1.0,F
3111,36,4.0,M
3112,52,1.0,F
3113,55,1.0,M
3114,62,1.0,M
3115,52,1.0,M
3116,54,1.0,M
3117,47,4.0,M
3118,43,2.0,F
3119,39,4.0,M
3120,52,3.0,F
3121,39,1.0,M
3122,58,1.0,F
3123,44,2.0,F
3124,41,2.0,F
3125,53,3.0,M
3126,45,3.0,F
3127,60,4.0,M
3128,36,3.0,F
3129,40,2.0,F
3130,59,2.0,M
3131,51,2.0,F
3132,40,1.0,F
3133,47,1.0,F
3134,64,2.0,F
3135,36,2.0,F
3136,39,1.0,M
3137,38,2.0,M
3138,38,2.0,M
3139,56,3.0,F
3140,51,2.0,F
3141,43,2.0,M
3142,47,1.0,F
3143,51,1.0,M
3144,56,2.0,F
3145,39,1.0,M
3146,63,3.0,M
3147,45,3.0,M
3148,43,2.0,M
3149,47,4.0,F
3150,50,1.0,M
3151,46,2.0,M
3152,44,4.0,F
3153,60,1.0,F
3154,50,1.0,F
3155,63,1.0,F
3156,44,2.0,F
3157,58,2.0,F
3158,40,1.0,M
3159,68,1.0,M
3160,56,2.0,F
3161,46,2.0,F
3162,51,2.0,M
3163,55,1.0,F
3164,43,1.0,M
3165,47,4.0,M
3166,43,1.0,M
3167,48,4.0,F
3168,43,1.0,F
3169,50,1.0,M
3170,44,1.0,M
3171,55,2.0,M
3172,53,1.0,M
3173,66,1.0,M
3174,39,3.0,F
3175,69,3.0,F
3176,57,3.0,F
3177,41,2.0,M
3178,42,1.0,F
3179,40,4.0,M
3180,65,1.0,F
3181,45,1.0,M
3182,53,1.0,F
3183,59,2.0,F
3184,46,1.0,F
3185,38,3.0,M
3186,40,2.0,F
3187,41,1.0,M
3188,53,2.0,M
3189,43,1.0,M
3190,45,2.0,M
3191,63,1.0,M
3192,48,1.0,F
3193,52,2.0,M
3194,59,2.0,M
3195,38,1.0,M
3196,50,1.0,M
3197,64,1.0,M
3198,38,2.0,F
3199,41,1.0,F
3200,47,2.0,F
3201,66,1.0,F
3202,48,1.0,M
3203,61,1.0,F
3204,52,4.0,M
3205,41,4.0,F
3206,58,2.0,F
3207,44,1.0,F
3208,56,2.0,F
3209,59,1.0,F
3210,53,1.0,F
3211,36,1.0,F
3212,60,1.0,F
3213,58,2.0,F
3214,57,1.0,F
3215,54,1.0,M
3216,38,3.0,M
3217,63,1.0,F
3218,54,1.0,M
3219,53,2.0,M
3220,39,3.0,F
3221,45,2.0,F
3222,49,2.0,M
3223,45,2.0,F
3224,61,4.0,F
3225,49,2.0,M
3226,53,3.0,M
3227,63,1.0,F
3228,63,1.0,F
3229,61,1.0,M
3230,36,3.0,F
3231,60,3.0,F
3232,50,1.0,F
3233,34,3.0,M
3234,64,2.0,F
3235,42,3.0,M
3236,45,1.0,F
3237,45,2.0,F
3238,62,1.0,F
3239,67,1.0,F
3240,58,4.0,M
3241,43,2.0,M
3242,46,3.0,F
3243,48,4.0,M
3244,46,1.0,F
3245,46,1.0,M
3246,45,2.0,F
3247,61,2.0,F
3248,45,4.0,F
3249,43,3.0,M
3250,60,2.0,F
3251,63,1.0,F
3252,48,,M
3253,59,1.0,F
3254,63,4.0,M
3255,50,1.0,F
3256,44,1.0,F
3257,57,2.0,F
3258,43,1.0,F
3259,53,2.0,M
3260,43,1.0,F
3261,34,2.0,F
3262,60,2.0,F
3263,45,3.0,F
3264,60,1.0,F
3265,38,2.0,M
3266,63,1.0,M
3267,41,2.0,M
3268,49,1.0,M
3269,39,1.0,F
3270,45,4.0,M
3271,62,1.0,F
3272,41,1.0,F
3273,40,3.0,F
3274,44,2.0,F
3275,40,1.0,F
3276,67,3.0,F
3277,37,2.0,M
3278,49,2.0,F
3279,55,1.0,F
3280,43,2.0,F
3281,55,1.0,M
3282,57,1.0,M
3283,50,2.0,F
3284,50,1.0,M
3285,49,3.0,F
3286,49,1.0,F
3287,63,1.0,F
3288,51,1.0,F
3289,40,2.0,M
3290,67,1.0,F
3291,66,3.0,M
3292,60,3.0,M
3293,54,2.0,F
3294,37,1.0,F
3295,50,1.0,F
3296,57,1.0,F
3297,46,1.0,F
3298,46,2.0,F
3299,50,1.0,F
3300,50,1.0,F
3301,55,1.0,M
3302,54,1.0,F
3303,49,1.0,F
3304,37,2.0,F
3305,58,1.0,M
3306,40,3.0,F
3307,59,1.0,M
3308,60,1.0,F
3309,44,3.0,F
3310,65,4.0,F
3311,54,1.0,M
3312,59,2.0,F
3313,48,4.0,M
3314,59,1.0,M
3315,60,2.0,F
3316,46,2.0,F
3317,48,2.0,M
3318,42,1.0,M
3319,52,2.0,F
3320,57,3.0,F
3321,49,2.0,F
3322,45,,F
3323,54,1.0,M
3324,61,1.0,F
3325,55,1.0,M
3326,42,1.0,M
3327,45,1.0,M
3328,62,1.0,M
3329,60,1.0,M
3330,64,1.0,M
3331,40,,M
3332,48,1.0,F
3333,47,2.0,F
3334,48,1.0,M
3335,64,1.0,F
3336,64,4.0,M
3337,42,3.0,M
3338,43,2.0,F
3339,49,3.0,M
3340,51,2.0,F
3341,41,2.0,M
3342,39,1.0,F
3343,55,4.0,F
3344,62,1.0,M
3345,54,2.0,M
3346,57,1.0,M
3347,63,2.0,M
3348,53,1.0,M
3349,46,2.0,F
3350,52,1.0,M
3351,57,4.0,M
3352,39,1.0,M
3353,50,3.0,F
3354,38,2.0,M
3355,46,1.0,F
3356,38,3.0,F
3357,44,3.0,M
3358,53,3.0,M
3359,56,3.0,M
3360,56,2.0,M
3361,42,2.0,F
3362,48,4.0,M
3363,45,3.0,M
3364,62,1.0,F
3365,55,1.0,F
3366,43,4.0,F
3367,59,3.0,M
3368,40,4.0,M
3369,44,1.0,F
3370,46,1.0,F
3371,55,2.0,F
3372,43,2.0,F
3373,58,1.0,F
3374,67,2.0,M
3375,52,1.0,M
3376,52,1.0,F
3377,37,1.0,M
3378,39,3.0,F
3379,39,1.0,M
3380,56,1.0,F
3381,63,1.0,F
3382,43,4.0,M
3383,57,3.0,F
3384,61,1.0,F
3385,60,1.0,F
3386,46,1.0,F
3387,44,3.0,M
3388,60,1.0,M
3389,54,3.0,F
